financial_year,period,arn_date,taxable_value,igst,cgst,sgst,cess,non_gst_value,cgst_payable,cgst_paid_total,sgst_payable,sgst_paid_total,igst_payable,igst_paid_total
2025-26,April,16/05/2025,104965.12,0.00,9446.71,9446.71,0.00,40827290.18,9447.00,9447.00,9447.00,9447.00,0.00,0.00
2025-26,May,18/06/2025,112789.78,0.00,10150.94,10150.94,0.00,35515897.76,10151.00,10151.00,10151.00,10151.00,0.00,0.00
2025-26,June,19/07/2025,167085.17,0.00,15037.62,15037.62,0.00,33824371.66,15038.00,15038.00,15038.00,15038.00,0.00,0.00
2025-26,July,21/08/2025,98758.61,0.00,8888.20,8888.20,0.00,37199963.72,8888.00,8888.00,8888.00,8888.00,0.00,0.00
2025-26,August,06/10/2025,93552.07,0.00,8419.70,8419.70,0.00,36436556.09,8420.00,8420.00,8420.00,8420.00,0.00,0.00
2025-26,September,23/10/2025,104318.27,0.00,9388.56,9388.56,0.00,39206498.84,9389.00,9389.00,9389.00,9389.00,0.00,0.00
2025-26,October,20/11/2025,105311.54,0.00,9477.90,9477.90,0.00,41206289.67,9478.00,9478.00,9478.00,9478.00,0.00,0.00
2025-26,November,22/12/2025,93868.53,0.00,8448.04,8448.04,0.00,43016614.96,8448.00,8448.00,8448.00,8448.00,0.00,0.00
2025-26,December,16/01/2026,113550.59,0.00,10219.41,10219.41,0.00,40646627.66,10219.00,10219.00,10219.00,10219.00,0.00,0.00
2025-26,January,17/02/2026,116460.50,0.00,10481.40,10481.40,0.00,37091534.04,10481.00,10481.00,10481.00,10481.00,0.00,0.00
2025-26,February,17/03/2026,92734.00,0.00,8345.98,8345.98,0.00,38870893.81,8346.00,8346.00,8346.00,8346.00,0.00,0.00
2025-26,March,20/05/2026,80046.58,0.00,7204.21,7204.21,0.00,40379094.86,7204.00,7204.00,7204.00,7204.00,0.00,0.00
2026-27,April,22/05/2026,98786.45,0.00,8890.64,8890.64,0.00,38218140.64,8891.00,8891.00,8891.00,8891.00,0.00,0.00
2026-27,May,16/06/2026,96681.22,0.00,8701.25,8701.25,0.00,42266976.95,8701.00,8701.00,8701.00,8701.00,0.00,0.00
2026-27,June,17/07/2026,92970.96,0.00,8367.35,8367.35,0.00,40990353.95,8367.00,8367.00,8367.00,8367.00,0.00,0.00
2026-27,July,18/08/2026,88534.34,0.00,7968.11,7968.11,0.00,40096856.82,7968.00,7968.00,7968.00,7968.00,0.00,0.00
