financial_year,period,arn_date,taxable_value,igst,cgst,sgst,cess,non_gst_value,b2cs_taxable_value,b2cs_igst,b2cs_cgst,b2cs_sgst,b2cs_cess,total_liability_value,total_liability_igst,total_liability_cgst,total_liability_sgst,total_liability_cess
2025-26,April,12/05/2025,104965.12,0.00,9446.71,9446.71,0.00,40827290.18,104965.12,0.00,9446.71,9446.71,0.00,40932255.30,0.00,9446.71,9446.71,0.00
2025-26,May,06/06/2025,112789.78,0.00,10150.94,10150.94,0.00,35515897.76,112789.78,0.00,10150.94,10150.94,0.00,35628687.54,0.00,10150.94,10150.94,0.00
2025-26,June,09/07/2025,167085.17,0.00,15037.62,15037.62,0.00,33824371.66,90813.99,0.00,8173.21,8173.21,0.00,33991456.83,0.00,15037.62,15037.62,0.00
2025-26,July,06/08/2025,98758.61,0.00,8888.20,8888.20,0.00,37199963.72,98758.61,0.00,8888.20,8888.20,0.00,37298722.33,0.00,8888.20,8888.20,0.00
2025-26,August,06/10/2025,93552.07,0.00,8419.70,8419.70,0.00,36436556.09,93552.07,0.00,8419.70,8419.70,0.00,36530108.16,0.00,8419.70,8419.70,0.00
2025-26,September,08/10/2025,104318.27,0.00,9388.56,9388.56,0.00,39206498.84,104318.27,0.00,9388.56,9388.56,0.00,39310817.11,0.00,9388.56,9388.56,0.00
2025-26,October,08/11/2025,105311.54,0.00,9477.90,9477.90,0.00,41206289.67,105311.54,0.00,9477.90,9477.90,0.00,41311601.21,0.00,9477.90,9477.90,0.00
2025-26,November,08/12/2025,93868.53,0.00,8448.04,8448.04,0.00,43016614.96,93868.53,0.00,8448.04,8448.04,0.00,43110483.49,0.00,8448.04,8448.04,0.00
2025-26,December,07/01/2026,113550.59,0.00,10219.41,10219.41,0.00,40646627.66,113550.59,0.00,10219.41,10219.41,0.00,40760178.25,0.00,10219.41,10219.41,0.00
2025-26,January,07/02/2026,116460.50,0.00,10481.40,10481.40,0.00,37091534.04,116460.50,0.00,10481.40,10481.40,0.00,37207994.54,0.00,10481.40,10481.40,0.00
2025-26,February,13/03/2026,92734.00,0.00,8345.98,8345.98,0.00,38870893.81,92734.00,0.00,8345.98,8345.98,0.00,38963627.81,0.00,8345.98,8345.98,0.00
2025-26,March,19/05/2026,80046.58,0.00,7204.21,7204.21,0.00,40379094.86,80046.58,0.00,7204.21,7204.21,0.00,40459141.44,0.00,7204.21,7204.21,0.00
2026-27,April,20/05/2026,98786.45,0.00,8890.64,8890.64,0.00,38218140.64,98786.45,0.00,8890.64,8890.64,0.00,38316927.09,0.00,8890.64,8890.64,0.00
2026-27,May,12/06/2026,96681.22,0.00,8701.25,8701.25,0.00,42266976.95,96681.22,0.00,8701.25,8701.25,0.00,42363658.17,0.00,8701.25,8701.25,0.00
2026-27,June,06/07/2026,92970.96,0.00,8367.35,8367.35,0.00,40990353.95,92970.96,0.00,8367.35,8367.35,0.00,41083324.91,0.00,8367.35,8367.35,0.00
2026-27,July,07/08/2026,88534.34,0.00,7968.11,7968.11,0.00,40096856.82,88534.34,0.00,7968.11,7968.11,0.00,40185391.16,0.00,7968.11,7968.11,0.00
