reason,raw_line,source_page
anonymization_artifact_fragment_discarded,O,46
anonymization_artifact_fragment_discarded,AL,160
anonymization_artifact_fragment_discarded,AL,167
anonymization_artifact_fragment_discarded,AL,180
anonymization_artifact_fragment_discarded,AL,187
anonymization_artifact_fragment_discarded,AL,191
anonymization_artifact_fragment_discarded,AL,200
anonymization_artifact_fragment_discarded,AL,206
anonymization_artifact_fragment_discarded,AL,213
unclassified_line,Input IGST,213
anonymization_artifact_fragment_discarded,AL,219
unclassified_line,Input IGST,220
anonymization_artifact_fragment_discarded,AL,226
unclassified_line,Input IGST,226
anonymization_artifact_fragment_discarded,AL,232
unclassified_line,Input IGST,321
unclassified_line,Input IGST,321
unclassified_line,Input IGST,321
anonymization_artifact_fragment_discarded,OF,337
anonymization_artifact_fragment_discarded,AL,380
anonymization_artifact_fragment_discarded,Enterprises(,380
anonymization_artifact_fragment_discarded,Committe),380
anonymization_artifact_fragment_discarded,AL,380
anonymization_artifact_fragment_discarded,OUNT,380
anonymization_artifact_fragment_discarded,AL,381
anonymization_artifact_fragment_discarded,ani,381
anonymization_artifact_fragment_discarded,OL,382
anonymization_artifact_fragment_discarded,Enterprises(,382
anonymization_artifact_fragment_discarded,Committe),382
anonymization_artifact_fragment_discarded,ICS,383
anonymization_artifact_fragment_discarded,ani,384
anonymization_artifact_fragment_discarded,AL,384
anonymization_artifact_fragment_discarded,Enterprises(,385
anonymization_artifact_fragment_discarded,Committe),385
anonymization_artifact_fragment_discarded,OUNT,385
anonymization_artifact_fragment_discarded,ani,385
anonymization_artifact_fragment_discarded,AL,386
anonymization_artifact_fragment_discarded,OL,386
anonymization_artifact_fragment_discarded,AL,387
anonymization_artifact_fragment_discarded,AL,387
anonymization_artifact_fragment_discarded,ICS,387
anonymization_artifact_fragment_discarded,AL,388
anonymization_artifact_fragment_discarded,AL,388
anonymization_artifact_fragment_discarded,ani,388
anonymization_artifact_fragment_discarded,AL,389
anonymization_artifact_fragment_discarded,Enterprises(,390
anonymization_artifact_fragment_discarded,Committe),390
anonymization_artifact_fragment_discarded,OL,390
anonymization_artifact_fragment_discarded,OUNT,390
anonymization_artifact_fragment_discarded,AL,391
anonymization_artifact_fragment_discarded,ani,391
anonymization_artifact_fragment_discarded,ICS,392
anonymization_artifact_fragment_discarded,ani,392
anonymization_artifact_fragment_discarded,OUNT,393
anonymization_artifact_fragment_discarded,Enterprises(,394
anonymization_artifact_fragment_discarded,Committe),394
anonymization_artifact_fragment_discarded,ani,394
anonymization_artifact_fragment_discarded,AL,394
anonymization_artifact_fragment_discarded,ICS,395
anonymization_artifact_fragment_discarded,OL,395
anonymization_artifact_fragment_discarded,AL,395
anonymization_artifact_fragment_discarded,AL,396
anonymization_artifact_fragment_discarded,ani,396
anonymization_artifact_fragment_discarded,AL,397
anonymization_artifact_fragment_discarded,OUNT,397
anonymization_artifact_fragment_discarded,AL,397
anonymization_artifact_fragment_discarded,OL,398
anonymization_artifact_fragment_discarded,AL,398
anonymization_artifact_fragment_discarded,Enterprises(,398
anonymization_artifact_fragment_discarded,Committe),398
anonymization_artifact_fragment_discarded,ani,398
anonymization_artifact_fragment_discarded,ICS,399
anonymization_artifact_fragment_discarded,ani,400
anonymization_artifact_fragment_discarded,OUNT,400
anonymization_artifact_fragment_discarded,OL,401
anonymization_artifact_fragment_discarded,AL,401
anonymization_artifact_fragment_discarded,ani,402
anonymization_artifact_fragment_discarded,Enterprises(,402
anonymization_artifact_fragment_discarded,Committe),402
anonymization_artifact_fragment_discarded,AL,402
anonymization_artifact_fragment_discarded,ICS,403
anonymization_artifact_fragment_discarded,ani,404
anonymization_artifact_fragment_discarded,OUNT,404
anonymization_artifact_fragment_discarded,AL,404
anonymization_artifact_fragment_discarded,AL,404
anonymization_artifact_fragment_discarded,Enterprises(,405
anonymization_artifact_fragment_discarded,Committe),405
anonymization_artifact_fragment_discarded,OL,405
anonymization_artifact_fragment_discarded,ani,406
anonymization_artifact_fragment_discarded,ICS,407
anonymization_artifact_fragment_discarded,AL,408
anonymization_artifact_fragment_discarded,ani,408
anonymization_artifact_fragment_discarded,AL,409
anonymization_artifact_fragment_discarded,AL,409
anonymization_artifact_fragment_discarded,OUNT,409
anonymization_artifact_fragment_discarded,AL,409
anonymization_artifact_fragment_discarded,Enterprises(,410
anonymization_artifact_fragment_discarded,Committe),410
anonymization_artifact_fragment_discarded,ani,411
anonymization_artifact_fragment_discarded,ICS,412
anonymization_artifact_fragment_discarded,AL,412
anonymization_artifact_fragment_discarded,ani,414
anonymization_artifact_fragment_discarded,AL,414
anonymization_artifact_fragment_discarded,AL,414
anonymization_artifact_fragment_discarded,AL,415
anonymization_artifact_fragment_discarded,OUNT,416
anonymization_artifact_fragment_discarded,AL,416
anonymization_artifact_fragment_discarded,Enterprises(,417
anonymization_artifact_fragment_discarded,Committe),417
anonymization_artifact_fragment_discarded,OL,417
anonymization_artifact_fragment_discarded,ani,417
anonymization_artifact_fragment_discarded,AL,417
anonymization_artifact_fragment_discarded,AL,420
anonymization_artifact_fragment_discarded,ani,420
anonymization_artifact_fragment_discarded,AL,421
anonymization_artifact_fragment_discarded,OUNT,421
anonymization_artifact_fragment_discarded,Enterprises(,422
anonymization_artifact_fragment_discarded,Committe),422
anonymization_artifact_fragment_discarded,AL,422
anonymization_artifact_fragment_discarded,ani,424
anonymization_artifact_fragment_discarded,OL,424
anonymization_artifact_fragment_discarded,AL,425
anonymization_artifact_fragment_discarded,AL,426
anonymization_artifact_fragment_discarded,AL,427
anonymization_artifact_fragment_discarded,OUNT,427
anonymization_artifact_fragment_discarded,AL,428
anonymization_artifact_fragment_discarded,OL,428
anonymization_artifact_fragment_discarded,Enterprises(,428
anonymization_artifact_fragment_discarded,Committe),428
anonymization_artifact_fragment_discarded,AL,428
anonymization_artifact_fragment_discarded,AL,428
anonymization_artifact_fragment_discarded,ani,429
anonymization_artifact_fragment_discarded,AL,430
anonymization_artifact_fragment_discarded,ON,431
anonymization_artifact_fragment_discarded,ani,431
anonymization_artifact_fragment_discarded,OUNT,433
anonymization_artifact_fragment_discarded,OL,433
anonymization_artifact_fragment_discarded,AL,433
anonymization_artifact_fragment_discarded,Enterprises(,434
anonymization_artifact_fragment_discarded,Committe),434
anonymization_artifact_fragment_discarded,AL,434
anonymization_artifact_fragment_discarded,ani,435
anonymization_artifact_fragment_discarded,AL,436
anonymization_artifact_fragment_discarded,ON,438
anonymization_artifact_fragment_discarded,AL,438
anonymization_artifact_fragment_discarded,ani,438
anonymization_artifact_fragment_discarded,O,582
anonymization_artifact_fragment_discarded,AL,584
anonymization_artifact_fragment_discarded,AL,584
anonymization_artifact_fragment_discarded,AL,584
anonymization_artifact_fragment_discarded,RSING,585
anonymization_artifact_fragment_discarded,RSING,587
anonymization_artifact_fragment_discarded,AL,588
anonymization_artifact_fragment_discarded,AL,588
anonymization_artifact_fragment_discarded,AL,588
anonymization_artifact_fragment_discarded,AR,590
anonymization_artifact_fragment_discarded,AL,590
anonymization_artifact_fragment_discarded,AR,592
anonymization_artifact_fragment_discarded,RSING,593
anonymization_artifact_fragment_discarded,AL,594
anonymization_artifact_fragment_discarded,AL,594
anonymization_artifact_fragment_discarded,AL,594
anonymization_artifact_fragment_discarded,RSING,597
anonymization_artifact_fragment_discarded,AL,597
anonymization_artifact_fragment_discarded,AL,597
anonymization_artifact_fragment_discarded,AL,598
anonymization_artifact_fragment_discarded,AL,598
anonymization_artifact_fragment_discarded,AR,599
anonymization_artifact_fragment_discarded,RSING,600
anonymization_artifact_fragment_discarded,AL,600
anonymization_artifact_fragment_discarded,AR,602
anonymization_artifact_fragment_discarded,RSING,603
anonymization_artifact_fragment_discarded,AL,604
anonymization_artifact_fragment_discarded,AL,604
anonymization_artifact_fragment_discarded,AL,604
anonymization_artifact_fragment_discarded,AR,605
anonymization_artifact_fragment_discarded,RSING,606
anonymization_artifact_fragment_discarded,AL,606
anonymization_artifact_fragment_discarded,AL,606
anonymization_artifact_fragment_discarded,AL,606
anonymization_artifact_fragment_discarded,AL,607
anonymization_artifact_fragment_discarded,AR,608
anonymization_artifact_fragment_discarded,RSING,610
anonymization_artifact_fragment_discarded,AL,610
anonymization_artifact_fragment_discarded,AL,610
anonymization_artifact_fragment_discarded,AL,611
unclassified_line,Input IGST,611
anonymization_artifact_fragment_discarded,RSING,613
anonymization_artifact_fragment_discarded,AL,614
anonymization_artifact_fragment_discarded,AL,614
anonymization_artifact_fragment_discarded,AL,615
unclassified_line,Input IGST,615
anonymization_artifact_fragment_discarded,RSING,616
anonymization_artifact_fragment_discarded,AR,617
anonymization_artifact_fragment_discarded,AL,617
anonymization_artifact_fragment_discarded,AL,617
anonymization_artifact_fragment_discarded,AL,618
unclassified_line,Input IGST,618
anonymization_artifact_fragment_discarded,AR,619
anonymization_artifact_fragment_discarded,RSING,620
anonymization_artifact_fragment_discarded,AL,620
anonymization_artifact_fragment_discarded,AL,620
anonymization_artifact_fragment_discarded,AL,621
anonymization_artifact_fragment_discarded,ani,622
anonymization_artifact_fragment_discarded,AL,634
anonymization_artifact_fragment_discarded,AL,634
anonymization_artifact_fragment_discarded,RSING,634
anonymization_artifact_fragment_discarded,RSING,640
anonymization_artifact_fragment_discarded,ani,640
anonymization_artifact_fragment_discarded,AL,641
anonymization_artifact_fragment_discarded,AL,641
anonymization_artifact_fragment_discarded,AR,646
anonymization_artifact_fragment_discarded,AL,646
anonymization_artifact_fragment_discarded,AR,652
anonymization_artifact_fragment_discarded,ani,653
anonymization_artifact_fragment_discarded,RSING,653
anonymization_artifact_fragment_discarded,AL,654
anonymization_artifact_fragment_discarded,AL,654
anonymization_artifact_fragment_discarded,RSING,659
anonymization_artifact_fragment_discarded,AL,659
anonymization_artifact_fragment_discarded,AL,659
anonymization_artifact_fragment_discarded,AL,663
anonymization_artifact_fragment_discarded,AR,664
anonymization_artifact_fragment_discarded,RSING,665
anonymization_artifact_fragment_discarded,AL,665
anonymization_artifact_fragment_discarded,AR,670
anonymization_artifact_fragment_discarded,RSING,671
anonymization_artifact_fragment_discarded,AL,672
anonymization_artifact_fragment_discarded,AL,672
anonymization_artifact_fragment_discarded,AR,676
anonymization_artifact_fragment_discarded,RSING,677
anonymization_artifact_fragment_discarded,AL,677
anonymization_artifact_fragment_discarded,AL,677
anonymization_artifact_fragment_discarded,AL,677
anonymization_artifact_fragment_discarded,AR,682
anonymization_artifact_fragment_discarded,RSING,684
anonymization_artifact_fragment_discarded,AL,684
anonymization_artifact_fragment_discarded,AL,684
anonymization_artifact_fragment_discarded,RSING,690
anonymization_artifact_fragment_discarded,AL,690
anonymization_artifact_fragment_discarded,AL,691
anonymization_artifact_fragment_discarded,MENT,695
anonymization_artifact_fragment_discarded,RSING,696
anonymization_artifact_fragment_discarded,AR,696
anonymization_artifact_fragment_discarded,AL,696
anonymization_artifact_fragment_discarded,AL,696
anonymization_artifact_fragment_discarded,AR,701
anonymization_artifact_fragment_discarded,RSING,702
anonymization_artifact_fragment_discarded,AL,702
anonymization_artifact_fragment_discarded,AL,702
anonymization_artifact_fragment_discarded,AL,707
anonymization_artifact_fragment_discarded,AL,711
anonymization_artifact_fragment_discarded,AL,717
anonymization_artifact_fragment_discarded,AL,721
anonymization_artifact_fragment_discarded,AL,723
anonymization_artifact_fragment_discarded,AL,728
anonymization_artifact_fragment_discarded,AL,731
anonymization_artifact_fragment_discarded,AL,734
anonymization_artifact_fragment_discarded,AL,738
anonymization_artifact_fragment_discarded,AL,741
anonymization_artifact_fragment_discarded,AL,745
anonymization_artifact_fragment_discarded,AL,759
anonymization_artifact_fragment_discarded,AL,766
anonymization_artifact_fragment_discarded,AL,779
anonymization_artifact_fragment_discarded,AL,786
anonymization_artifact_fragment_discarded,AL,790
anonymization_artifact_fragment_discarded,AL,799
anonymization_artifact_fragment_discarded,AL,805
anonymization_artifact_fragment_discarded,AL,812
unclassified_line,Input IGST,812
anonymization_artifact_fragment_discarded,AL,818
unclassified_line,Input IGST,819
anonymization_artifact_fragment_discarded,AL,825
unclassified_line,Input IGST,825
anonymization_artifact_fragment_discarded,AL,831
